{"cameraMode":{"drawMode":0,"name":"Shaded","section":"Shading Mode"},"sceneLighting":true,"audioPlay":false,"sceneViewState":{"m_AlwaysRefresh":false,"showFog":true,"showSkybox":true,"showFlares":true,"showImageEffects":true,"showParticleSystems":true,"showVisualEffectGraphs":true,"m_FxEnabled":true},"in2DMode":false,"pivot":{"x":1.2755804061889649,"y":1.981292724609375,"z":-0.8211690783500671},"rotation":{"x":0.17252957820892335,"y":0.7078810930252075,"z":-0.18520550429821015,"w":0.6594334244728088},"size":7.740598678588867,"orthographic":true}