{"cameraMode":{"drawMode":0,"name":"Shaded","section":"Shading Mode"},"sceneLighting":true,"audioPlay":false,"sceneViewState":{"m_AlwaysRefresh":false,"showFog":true,"showSkybox":true,"showFlares":true,"showImageEffects":true,"showParticleSystems":true,"showVisualEffectGraphs":true,"m_FxEnabled":true},"in2DMode":false,"pivot":{"x":1.0079994201660157,"y":2.7563652992248537,"z":3.033992290496826},"rotation":{"x":-0.32606402039527895,"y":0.46926626563072207,"z":-0.19171559810638429,"w":-0.7979710698127747},"size":32.64605712890625,"orthographic":true}