{"cameraMode":{"drawMode":0,"name":"Shaded","section":"Shading Mode"},"sceneLighting":true,"audioPlay":false,"sceneViewState":{"m_AlwaysRefresh":false,"showFog":true,"showSkybox":true,"showFlares":true,"showImageEffects":true,"showParticleSystems":true,"showVisualEffectGraphs":true,"m_FxEnabled":true},"in2DMode":false,"pivot":{"x":0.9576010704040527,"y":0.010000228881835938,"z":-2.826014518737793},"rotation":{"x":0.24395756423473359,"y":0.5475168228149414,"z":-0.1708133965730667,"w":0.7820212841033936},"size":10.473084449768067,"orthographic":true}